{"feas_data": {"mean": [8766.302202629988, 177526459.510445, 174270875.10195333, 274.7885091350509], "scale": [6301.28829178399, 112570499.12464294, 111129082.37426703, 53.22602078119464]}, "mass_data": {"mean": [10542.507717841972, 202033420.2738196, 199522509.9951853, 262.9910285516429, 69.61250438592768], "scale": [5986.729355736594, 95794428.80712551, 94863705.81884274, 51.38418647565473, 16.8596336302734]}}